{
  "hash": "92477648",
  "browserHash": "9ba964e8",
  "optimized": {
    "@angular/common": {
      "src": "../../../../../node_modules/@angular/common/fesm2022/common.mjs",
      "file": "@angular_common.js",
      "fileHash": "1b9b5cce",
      "needsInterop": false
    },
    "@angular/core": {
      "src": "../../../../../node_modules/@angular/core/fesm2022/core.mjs",
      "file": "@angular_core.js",
      "fileHash": "dfff8afc",
      "needsInterop": false
    },
    "@angular/forms": {
      "src": "../../../../../node_modules/@angular/forms/fesm2022/forms.mjs",
      "file": "@angular_forms.js",
      "fileHash": "f659369d",
      "needsInterop": false
    },
    "@angular/material/button": {
      "src": "../../../../../node_modules/@angular/material/fesm2022/button.mjs",
      "file": "@angular_material_button.js",
      "fileHash": "73326170",
      "needsInterop": false
    },
    "@angular/material/form-field": {
      "src": "../../../../../node_modules/@angular/material/fesm2022/form-field.mjs",
      "file": "@angular_material_form-field.js",
      "fileHash": "029b1fac",
      "needsInterop": false
    },
    "@angular/material/icon": {
      "src": "../../../../../node_modules/@angular/material/fesm2022/icon.mjs",
      "file": "@angular_material_icon.js",
      "fileHash": "1d2e41b2",
      "needsInterop": false
    },
    "@angular/material/input": {
      "src": "../../../../../node_modules/@angular/material/fesm2022/input.mjs",
      "file": "@angular_material_input.js",
      "fileHash": "4e166b07",
      "needsInterop": false
    },
    "@angular/platform-browser": {
      "src": "../../../../../node_modules/@angular/platform-browser/fesm2022/platform-browser.mjs",
      "file": "@angular_platform-browser.js",
      "fileHash": "59989bdd",
      "needsInterop": false
    },
    "@angular/platform-browser/animations": {
      "src": "../../../../../node_modules/@angular/platform-browser/fesm2022/animations.mjs",
      "file": "@angular_platform-browser_animations.js",
      "fileHash": "1c67288c",
      "needsInterop": false
    },
    "@angular/router": {
      "src": "../../../../../node_modules/@angular/router/fesm2022/router.mjs",
      "file": "@angular_router.js",
      "fileHash": "b2db8ead",
      "needsInterop": false
    }
  },
  "chunks": {
    "chunk-TGGZGCDZ": {
      "file": "chunk-TGGZGCDZ.js"
    },
    "chunk-ZDH4FAUE": {
      "file": "chunk-ZDH4FAUE.js"
    },
    "chunk-J3VHJQ4Y": {
      "file": "chunk-J3VHJQ4Y.js"
    },
    "chunk-Y4N3QGD7": {
      "file": "chunk-Y4N3QGD7.js"
    },
    "chunk-NRNVPPSC": {
      "file": "chunk-NRNVPPSC.js"
    },
    "chunk-X2XCIAXE": {
      "file": "chunk-X2XCIAXE.js"
    },
    "chunk-M2HKNXBA": {
      "file": "chunk-M2HKNXBA.js"
    }
  }
}